{
  "train_loss": [
    0.27183357226848603,
    0.24497982823848724,
    0.24498725724220277,
    0.22237767744064332,
    0.22697875928878783
  ],
  "val_loss": [
    0.1515653395652771,
    0.15482054114341737,
    0.17359988689422606,
    0.16048629760742186,
    0.17228013634681702
  ],
  "train_rmse_r": [
    726.6971435546875,
    726.4700317382812,
    705.5601196289062,
    682.2874145507812,
    694.4088745117188
  ],
  "train_rmse_theta": [
    44.86962890625,
    40.345733642578125,
    41.66151809692383,
    39.06892013549805,
    39.1479377746582
  ],
  "val_rmse_r": [
    546.9490966796875,
    553.2202758789062,
    533.134521484375,
    549.3966064453125,
    578.1405029296875
  ],
  "val_rmse_theta": [
    33.25039291381836,
    33.580142974853516,
    38.42657470703125,
    34.99129867553711,
    35.7427864074707
  ],
  "lr": [
    5e-05,
    5e-05,
    5e-05,
    5e-05,
    5e-05
  ]
}